"Id","Path","Slice Name","Alias(s)","Label","Min","Max","Must Support?","Is Modifier?","Is Summary?","Type(s)","Short","Definition","Comments","Requirements","Default Value","Meaning When Missing","Fixed Value","Pattern","Example","Minimum Value","Maximum Value","Maximum Length","Binding Strength","Binding Description","Binding Value Set","Code","Slicing Discriminator","Slicing Description","Slicing Ordered","Slicing Rules","Base Path","Base Min","Base Max","Condition(s)","Constraint(s)"
"BeModelRadiologyPrescription","BeModelRadiologyPrescription","","","",0,*,"","","","null {[]} {[]}
","BeModelRadiologyPrescription","Data model for the nursing prescription referral.","","","","","","","","","",,,,,"",,,,"Base",0,*,"",""
"BeModelRadiologyPrescription.identifier","BeModelRadiologyPrescription.identifier","","","",1,1,"","","","Identifier {[]} {[]}
","Business identifier of the request","Business identifier of the request","","","","","","","","","",,,,,"",,,,"BeModelReferralPrescription.identifier",1,1,"",""
"BeModelRadiologyPrescription.shortCode","BeModelRadiologyPrescription.shortCode","","","",1,1,"","","","CodeableConcept {[]} {[]}
","Business code allowing the healthcare professional to find a prescription associated with a patient","Business code allowing the healthcare professional to find a prescription associated with a patient","","","","","","","","","",,,,,"",,,,"BeModelReferralPrescription.shortCode",1,1,"",""
"BeModelRadiologyPrescription.recordedDate","BeModelRadiologyPrescription.recordedDate","","","",1,1,"","","","dateTime {[]} {[]}
","Date of recording of the information by the Recorder.","Date of recording of the information by the Recorder.","","","","","","","","","",,,,,"",,,,"BeModelReferralPrescription.recordedDate",1,1,"",""
"BeModelRadiologyPrescription.creationDate","BeModelRadiologyPrescription.creationDate","","","",1,1,"","","","dateTime {[]} {[]}
","Date of creation of the referral prescription","Date of creation of the referral prescription. This date will not change throughout the process. This date corresponds to the first recordedDate recorded for this referral prescription.","","","","","","","","","",,,,,"",,,,"BeModelReferralPrescription.creationDate",1,1,"",""
"BeModelRadiologyPrescription.patient","BeModelRadiologyPrescription.patient","","","",1,1,"","","","Identifier {[]} {[]}
","Identification of the patient. The unique identifier must be: NISS, National Registry Number or Bis Patient","Is the unique identifier of the patient. The unique identifier must be: NISS, National Registry Number or Bis Patient","","","","","","","","","",,,,,"",,,,"BeModelReferralPrescription.patient",1,1,"",""
"BeModelRadiologyPrescription.author","BeModelRadiologyPrescription.author","","","",1,1,"","","","Identifier {[]} {[]}
","The person who encodes the prescription (e.g. a doctor, nurse, midwife or dentist) and takes responsibility for their content. The unique identifier must be: NISS, National Registry Number or Bis Requester","Is the unique identifier of the person who encodes the prescription (e.g. a doctor, nurse, midwife or dentist) and takes responsibility for their content. The unique identifier must be: NISS, National Registry Number or Bis Requester","","","","","","","","","",,,,,"",,,,"BeModelReferralPrescription.author",1,1,"",""
"BeModelRadiologyPrescription.status","BeModelRadiologyPrescription.status","","","",1,1,"","","","CodeableConcept {[]} {[]}
","Is the status of the referral prescription (e.g. planned, complete, stopped, suspended, in progress, ….)","Is the status of the referral prescription (e.g. planned, complete, stopped, suspended, in progress, ...)","","","","","","","","","",,,,,"",,,,"BeModelReferralPrescription.status",1,1,"",""
"BeModelRadiologyPrescription.statusReason","BeModelRadiologyPrescription.statusReason","","","",0,1,"","","","CodeableConcept {[]} {[]}
","Gives the reason for the status of the referral prescription (treatment has been changed, patient is allergic, patient refuses, …)","Gives the reason for the status of the referral prescription (treatment has been changed, patient is allergic, patient refuses, ...)","","","","","","","","","",,,,,"",,,,"BeModelReferralPrescription.statusReason",0,1,"",""
"BeModelRadiologyPrescription.careRequested","BeModelRadiologyPrescription.careRequested","","","",1,1,"","","","CodeableConcept {[]} {[]}
","Type of care requested (e.g. 'Compression therapy', 'Sample collection', CT Scan).","Type of care requested (e.g. 'Compression therapy', 'Sample collection', 'CT Scan').","","","","","","","","","",,,,,"",,,,"BeModelReferralPrescription.careRequested",1,1,"",""
"BeModelRadiologyPrescription.discipline","BeModelRadiologyPrescription.discipline","","","",1,1,"","","","CodeableConcept {[]} {[]}
","Category of the requested care (nursing, radiology, ...)","Category of the requested care (nursing, radiology, ...)","","","","","","","","","",,,,,"",,,,"BeModelReferralPrescription.discipline",1,1,"",""
"BeModelRadiologyPrescription.description","BeModelRadiologyPrescription.description","","","",0,1,"","","","CodeableConcept {[]} {[]}
","Additional details on the requested care","Additional details on the requested care","","","","","","","","","",,,,,"",,,,"BeModelReferralPrescription.description",0,1,"",""
"BeModelRadiologyPrescription.type","BeModelRadiologyPrescription.type","","","",1,1,"","","","CodeableConcept {[]} {[]}
","Type of the request or prescription ('Prescription' or 'Proposal').","Type of the request or prescription ('Prescription' or 'Proposal').","","","","","","","","","",,,,,"",,,,"BeModelReferralPrescription.type",1,1,"",""
"BeModelRadiologyPrescription.originRequestId","BeModelRadiologyPrescription.originRequestId","","","",0,1,"","","","Identifier {[]} {[]}
","Reference to the ID of the original request (useful when the request is an extension of another one).","Reference to the ID of the original request (useful when the request is an extension of another one).","","","","","","","","","",,,,,"",,,,"BeModelReferralPrescription.originRequestId",0,1,"",""
"BeModelRadiologyPrescription.validityStartDate","BeModelRadiologyPrescription.validityStartDate","","","",1,1,"","","","dateTime {[]} {[]}
","Start date of the prescription validity (encoded by the prescriber).","Start date of the prescription validity (encoded by the prescriber).","","","","","","","","","",,,,,"",,,,"BeModelReferralPrescription.validityStartDate",1,1,"",""
"BeModelRadiologyPrescription.validityEndDate","BeModelRadiologyPrescription.validityEndDate","","","",1,1,"","","","dateTime {[]} {[]}
","End date of the prescription validity (encoded by the prescriber)","End date of the prescription validity (encoded by the prescriber)","","","","","","","","","",,,,,"",,,,"BeModelReferralPrescription.validityEndDate",1,1,"",""
"BeModelRadiologyPrescription.problem","BeModelRadiologyPrescription.problem","","","",1,*,"","","","CodeableConcept {[]} {[]}
","Medical problem or clinical context related to this request (for example: 'Open wound', 'Broken leg').","Medical problem or clinical context related to this request (for example: 'Open wound', 'Broken leg').","","","","","","","","","",,,,,"",,,,"BeModelReferralPrescription.problem",1,*,"",""
"BeModelRadiologyPrescription.bodyLocation","BeModelRadiologyPrescription.bodyLocation","","","",0,*,"","","","CodeableConcept {[]} {[]}
","Anatomical location where the treatment should be applied (for example: 'Left arm').","Anatomical location where the treatment should be applied (for example: 'Left arm').","","","","","","","","","",,,,,"",,,,"BeModelReferralPrescription.bodyLocation",0,*,"",""
"BeModelRadiologyPrescription.priority","BeModelRadiologyPrescription.priority","","","",1,1,"","","","CodeableConcept {[]} {[]}
","The priority of the referral or transfer request.","The priority of the referral or transfer request.","","","","","","","","","",,,,,"",,,,"BeModelRadiologyPrescription.priority",1,1,"",""
"BeModelRadiologyPrescription.priorityReason","BeModelRadiologyPrescription.priorityReason","","","",0,1,"","","","CodeableConcept {[]} {[]}
","The reason for the priority assigned to a referral or transfer request.","The reason for the priority assigned to a referral or transfer request.","","","","","","","","","",,,,,"",,,,"BeModelRadiologyPrescription.priorityReason",0,1,"",""
"BeModelRadiologyPrescription.additionalInfo","BeModelRadiologyPrescription.additionalInfo","","","",0,*,"","","","Reference {[]} {[]}
","Additional information that may be needed in the future to act on the request.","Additional information that may be needed in the future to act on the request.","","","","","","","","","",,,,,"",,,,"BeModelRadiologyPrescription.additionalInfo",0,*,"",""
"BeModelRadiologyPrescription.previousExams","BeModelRadiologyPrescription.previousExams","","","",0,*,"","","","Reference {[]} {[]}
","Procedures that are related to this referral request.","Procedures that are related to this referral request.","","","","","","","","","",,,,,"",,,,"BeModelRadiologyPrescription.previousExams",0,*,"",""
"BeModelRadiologyPrescription.pssInfo","BeModelRadiologyPrescription.pssInfo","","","",0,1,"","","","Identifier {[]} {[]}
","Identifier of the prescription in the PSS system.","Identifier of the prescription search in the PSS system.","","","","","","","","","",,,,,"",,,,"BeModelRadiologyPrescription.pssInfo",0,1,"",""
"BeModelRadiologyPrescription.indication","BeModelRadiologyPrescription.indication","","","",0,*,"","","","Reference {[]} {[]}
","Indications supporting the referral request.","Indications supporting the referral request.","","","","","","","","","",,,,,"",,,,"BeModelRadiologyPrescription.indication",0,*,"",""
"BeModelRadiologyPrescription.explanationForRequest","BeModelRadiologyPrescription.explanationForRequest","","","",0,1,"","","","Annotation {[]} {[]}
","Explanation/Justification for the referral.","Explanation/Justification for the referral.","","","","","","","","","",,,,,"",,,,"BeModelRadiologyPrescription.explanationForRequest",0,1,"",""
"BeModelRadiologyPrescription.bodySite","BeModelRadiologyPrescription.bodySite","","","",0,*,"","","","CodeableConcept {[]} {[]}
","Anatomical location where the treatment should be applied (for example: 'Left arm').","Anatomical location where the treatment should be applied (for example: 'Left arm').","","","","","","","","","",,,,,"",,,,"BeModelRadiologyPrescription.bodySite",0,*,"",""
"BeModelRadiologyPrescription.bodyLaterality","BeModelRadiologyPrescription.bodyLaterality","","","",0,1,"","","","CodeableConcept {[]} {[]}
","Laterality of the anatomical location where the treatment should be applied (for example: 'Left').","Laterality of the anatomical location where the treatment should be applied (for example: ""Left"").","","","","","","","","","",,,,,"",,,,"BeModelRadiologyPrescription.bodyLaterality",0,1,"",""
"BeModelRadiologyPrescription.pssIdentifier","BeModelRadiologyPrescription.pssIdentifier","","","",0,*,"","","","Identifier {[]} {[]}
","Identifier of the prescription in the PSS system.","Identifier of the prescription in the PSS system.","","","","","","","","","",,,,,"",,,,"BeModelRadiologyPrescription.pssIdentifier",0,*,"",""
