<?xml version="1.0" encoding="UTF-8"?>

<ValueSet xmlns="http://hl7.org/fhir">
  <id value="ProblemCodeVS"/>
  <language value="en"/>
  <text>
    <status value="generated"/><div xml:lang="en" lang="en"><hr/><p><b>English</b></p><hr/><p class="res-header-id"><b>Generated Narrative: ValueSet ProblemCodeVS</b></p><a name="ProblemCodeVS"> </a><a name="hcProblemCodeVS"> </a><div style="display: inline-block; background-color: #d9e0e7; padding: 6px; margin: 4px; border: 1px solid #8da1b4; border-radius: 5px; line-height: 60%"><p style="margin-bottom: 0px">Language: en</p></div><p>This value set includes codes based on the following rules:</p><ul/></div>
  </text>
  <url value="http://example.org/ValueSet/ProblemCodeVS"/>
  <version value="0.1.0"/>
  <name value="ProblemCodeVS"/>
  <title value="Problem Code Value Set"/>
  <status value="draft"/>
  <date value="2025-10-29T07:49:40+00:00"/>
  <publisher value="RIZIV/INAMI"/>
  <contact>
    <name value="RIZIV/INAMI"/>
    <telecom>
      <system value="url"/>
      <value value="http://example.org/example-publisher"/>
    </telecom>
  </contact>
  <description value="Code of the problem"/>
</ValueSet>