<?xml version="1.0" encoding="UTF-8"?>

<ValueSet xmlns="http://hl7.org/fhir">
  <id value="ProblemDiseaseCourseVS"/>
  <language value="en"/>
  <text>
    <status value="generated"/><div xml:lang="en" lang="en"><hr/><p><b>English</b></p><hr/><p class="res-header-id"><b>Generated Narrative: ValueSet ProblemDiseaseCourseVS</b></p><a name="ProblemDiseaseCourseVS"> </a><a name="hcProblemDiseaseCourseVS"> </a><div style="display: inline-block; background-color: #d9e0e7; padding: 6px; margin: 4px; border: 1px solid #8da1b4; border-radius: 5px; line-height: 60%"><p style="margin-bottom: 0px">Language: en</p></div><ul><li>Include codes from<a href="http://www.snomed.org/"><code>http://snomed.info/sct</code></a><span title="Version is explicitly stated to be http://snomed.info/sct/11000172109"> version &#x1F4CD;</span> where concept  is-a 288524001</li></ul></div>
  </text>
  <url value="http://example.org/ValueSet/ProblemDiseaseCourseVS"/>
  <version value="0.1.0"/>
  <name value="ProblemDiseaseCourseVS"/>
  <title value="Condition Disease Course Value Set"/>
  <status value="draft"/>
  <date value="2025-10-29T07:49:40+00:00"/>
  <publisher value="RIZIV/INAMI"/>
  <contact>
    <name value="RIZIV/INAMI"/>
    <telecom>
      <system value="url"/>
      <value value="http://example.org/example-publisher"/>
    </telecom>
  </contact>
  <description value="Condition Disease Course"/>
  <compose>
    <include>
      <system value="http://snomed.info/sct"/>
      <version value="http://snomed.info/sct/11000172109"/>
      <filter>
        <property value="concept"/>
        <op value="is-a"/>
        <value value="288524001"/>
      </filter>
    </include>
  </compose>
</ValueSet>