<?xml version="1.0" encoding="UTF-8"?>

<ImplementationGuide xmlns="http://hl7.org/fhir">
  <id value="hl7.be.fhir.models"/>
  <language value="en"/>
  <text>
    <status value="generated"/><div xmlns="http://www.w3.org/1999/xhtml"><div xml:lang="en" lang="en"><hr/><p><b>English</b></p><hr/><p class="res-header-id"><b>Generated Narrative: ImplementationGuide hl7.be.fhir.models</b></p><a name="hl7.be.fhir.models"> </a><a name="hchl7.be.fhir.models"> </a><div style="display: inline-block; background-color: #d9e0e7; padding: 6px; margin: 4px; border: 1px solid #8da1b4; border-radius: 5px; line-height: 60%"><p style="margin-bottom: 0px">Language: en</p></div><h2>BeModels</h2><p>The official URL for this implementation guide is: </p><pre>http://example.org/ImplementationGuide/hl7.be.fhir.models</pre></div><div xml:lang="fr" lang="fr"><hr/><p><b>French</b></p><hr/><p class="res-header-id"><b>Narratif généré : ImplementationGuide hl7.be.fhir.models</b></p><a name="fr-hl7.be.fhir.models"> </a><a name="fr-hchl7.be.fhir.models"> </a><div style="display: inline-block; background-color: #d9e0e7; padding: 6px; margin: 4px; border: 1px solid #8da1b4; border-radius: 5px; line-height: 60%"><p style="margin-bottom: 0px">Langue : en</p></div><h2>BeModels</h2><p>LURL officielle pour ce guide dimplémentation est : </p><pre>http://example.org/ImplementationGuide/hl7.be.fhir.models</pre></div><div xml:lang="nl" lang="nl"><hr/><p><b>Dutch</b></p><hr/><p class="res-header-id"><b>Gegenereerde narrative: ImplementationGuide hl7.be.fhir.models</b></p><a name="nl-hl7.be.fhir.models"> </a><a name="nl-hchl7.be.fhir.models"> </a><div style="display: inline-block; background-color: #d9e0e7; padding: 6px; margin: 4px; border: 1px solid #8da1b4; border-radius: 5px; line-height: 60%"><p style="margin-bottom: 0px">Taal: en</p></div><h2>BeModels</h2><p>De officiële url voor deze implementatiegids is: </p><pre>http://example.org/ImplementationGuide/hl7.be.fhir.models</pre></div><div xml:lang="de" lang="de"><hr/><p><b>German</b></p><hr/><p class="res-header-id"><b>Generated Narrative: ImplementationGuide hl7.be.fhir.models</b></p><a name="de-hl7.be.fhir.models"> </a><a name="de-hchl7.be.fhir.models"> </a><div style="display: inline-block; background-color: #d9e0e7; padding: 6px; margin: 4px; border: 1px solid #8da1b4; border-radius: 5px; line-height: 60%"><p style="margin-bottom: 0px">Language: en</p></div><h2>BeModels</h2><p>The official URL for this implementation guide is: </p><pre>http://example.org/ImplementationGuide/hl7.be.fhir.models</pre></div></div>
  </text>
  <url value="http://example.org/ImplementationGuide/hl7.be.fhir.models"/>
  <version value="0.1.0"/>
  <name value="BeModels">
    <extension url="http://hl7.org/fhir/StructureDefinition/translation">
      <extension url="lang">
        <valueCode value="nl"/>
      </extension>
      <extension url="content">
        <valueString value="Project-Id-Version: FHIR\nReport-Msgid-Bugs-To: you@example.com\nPOT-Creation-Date: 2025-10-21 10:47+0000\nPO-Revision-Date: 2025-10-21 10:47+0000\nLanguage: NL\nMIME-Version: 1.0\nContent-Type: text/plain; charset=UTF-8\nContent-Transfer-Encoding: 8bit\n"/>
      </extension>
    </extension>
    <extension url="http://hl7.org/fhir/StructureDefinition/translation">
      <extension url="lang">
        <valueCode value="fr"/>
      </extension>
      <extension url="content">
        <valueString value="Project-Id-Version: FHIR\nReport-Msgid-Bugs-To: you@example.com\nPOT-Creation-Date: 2025-10-21 10:40+0000\nPO-Revision-Date: 2025-10-21 10:40+0000\nLanguage: FR\nMIME-Version: 1.0\nContent-Type: text/plain; charset=UTF-8\nContent-Transfer-Encoding: 8bit\n"/>
      </extension>
    </extension>
  </name>
  <title value="CareSets - data models">
    <extension url="http://hl7.org/fhir/StructureDefinition/translation">
      <extension url="lang">
        <valueCode value="fr"/>
      </extension>
      <extension url="content">
        <valueString value="CareSets - modèles de données"/>
      </extension>
    </extension>
    <extension url="http://hl7.org/fhir/StructureDefinition/translation">
      <extension url="lang">
        <valueCode value="nl"/>
      </extension>
      <extension url="content">
        <valueString value="CareSets - gegevensmodellen"/>
      </extension>
    </extension>
  </title>
  <status value="draft"/>
  <date value="2025-10-29T07:49:40+00:00"/>
  <publisher value="RIZIV/INAMI">
    <extension url="http://hl7.org/fhir/StructureDefinition/translation">
      <extension url="lang">
        <valueCode value="fr"/>
      </extension>
      <extension url="content">
        <valueString value="RISQUE/INAMI"/>
      </extension>
    </extension>
    <extension url="http://hl7.org/fhir/StructureDefinition/translation">
      <extension url="lang">
        <valueCode value="nl"/>
      </extension>
      <extension url="content">
        <valueString value="RISICO/INAMI"/>
      </extension>
    </extension>
  </publisher>
  <contact>
    <name value="RIZIV/INAMI"/>
    <telecom>
      <system value="url"/>
      <value value="http://example.org/example-publisher"/>
    </telecom>
  </contact>
  <packageId value="hl7.be.fhir.models"/>
  <license value="CC0-1.0"/>
  <fhirVersion value="4.0.1"/>
  <dependsOn id="hl7tx">
    <extension url="http://hl7.org/fhir/tools/StructureDefinition/implementationguide-dependency-comment">
      <valueMarkdown value="Automatically added as a dependency - all IGs depend on HL7 Terminology"/>
    </extension>
    <uri value="http://terminology.hl7.org/ImplementationGuide/hl7.terminology"/>
    <packageId value="hl7.terminology.r4"/>
    <version value="6.5.0"/>
  </dependsOn>
  <dependsOn id="hl7ext">
    <extension url="http://hl7.org/fhir/tools/StructureDefinition/implementationguide-dependency-comment">
      <valueMarkdown value="Automatically added as a dependency - all IGs depend on the HL7 Extension Pack"/>
    </extension>
    <uri value="http://hl7.org/fhir/extensions/ImplementationGuide/hl7.fhir.uv.extensions"/>
    <packageId value="hl7.fhir.uv.extensions.r4"/>
    <version value="5.2.0"/>
  </dependsOn>
  <definition>
    <extension url="http://hl7.org/fhir/tools/StructureDefinition/ig-parameter">
      <extension url="code">
        <valueString value="copyrightyear"/>
      </extension>
      <extension url="value">
        <valueString value="2025+"/>
      </extension>
    </extension>
    <extension url="http://hl7.org/fhir/tools/StructureDefinition/ig-parameter">
      <extension url="code">
        <valueString value="releaselabel"/>
      </extension>
      <extension url="value">
        <valueString value="ci-build"/>
      </extension>
    </extension>
    <extension url="http://hl7.org/fhir/tools/StructureDefinition/ig-parameter">
      <extension url="code">
        <valueString value="excludettl"/>
      </extension>
      <extension url="value">
        <valueString value="true"/>
      </extension>
    </extension>
    <extension url="http://hl7.org/fhir/tools/StructureDefinition/ig-parameter">
      <extension url="code">
        <valueString value="translation-sources"/>
      </extension>
      <extension url="value">
        <valueString value="input/translations/fr"/>
      </extension>
    </extension>
    <extension url="http://hl7.org/fhir/tools/StructureDefinition/ig-parameter">
      <extension url="code">
        <valueString value="translation-sources"/>
      </extension>
      <extension url="value">
        <valueString value="input/translations/nl"/>
      </extension>
    </extension>
    <extension url="http://hl7.org/fhir/tools/StructureDefinition/ig-parameter">
      <extension url="code">
        <valueString value="i18n-default-lang"/>
      </extension>
      <extension url="value">
        <valueString value="en"/>
      </extension>
    </extension>
    <extension url="http://hl7.org/fhir/tools/StructureDefinition/ig-parameter">
      <extension url="code">
        <valueString value="i18n-lang"/>
      </extension>
      <extension url="value">
        <valueString value="fr"/>
      </extension>
    </extension>
    <extension url="http://hl7.org/fhir/tools/StructureDefinition/ig-parameter">
      <extension url="code">
        <valueString value="i18n-lang"/>
      </extension>
      <extension url="value">
        <valueString value="nl"/>
      </extension>
    </extension>
    <extension url="http://hl7.org/fhir/tools/StructureDefinition/ig-parameter">
      <extension url="code">
        <valueString value="i18n-lang"/>
      </extension>
      <extension url="value">
        <valueString value="de"/>
      </extension>
    </extension>
    <extension url="http://hl7.org/fhir/tools/StructureDefinition/ig-parameter">
      <extension url="code">
        <valueString value="autoload-resources"/>
      </extension>
      <extension url="value">
        <valueString value="true"/>
      </extension>
    </extension>
    <extension url="http://hl7.org/fhir/tools/StructureDefinition/ig-parameter">
      <extension url="code">
        <valueString value="path-liquid"/>
      </extension>
      <extension url="value">
        <valueString value="template/liquid"/>
      </extension>
    </extension>
    <extension url="http://hl7.org/fhir/tools/StructureDefinition/ig-parameter">
      <extension url="code">
        <valueString value="path-liquid"/>
      </extension>
      <extension url="value">
        <valueString value="input/liquid"/>
      </extension>
    </extension>
    <extension url="http://hl7.org/fhir/tools/StructureDefinition/ig-parameter">
      <extension url="code">
        <valueString value="path-qa"/>
      </extension>
      <extension url="value">
        <valueString value="temp/qa"/>
      </extension>
    </extension>
    <extension url="http://hl7.org/fhir/tools/StructureDefinition/ig-parameter">
      <extension url="code">
        <valueString value="path-temp"/>
      </extension>
      <extension url="value">
        <valueString value="temp/pages"/>
      </extension>
    </extension>
    <extension url="http://hl7.org/fhir/tools/StructureDefinition/ig-parameter">
      <extension url="code">
        <valueString value="path-output"/>
      </extension>
      <extension url="value">
        <valueString value="output"/>
      </extension>
    </extension>
    <extension url="http://hl7.org/fhir/tools/StructureDefinition/ig-parameter">
      <extension url="code">
        <valueString value="path-suppressed-warnings"/>
      </extension>
      <extension url="value">
        <valueString value="input/ignoreWarnings.txt"/>
      </extension>
    </extension>
    <extension url="http://hl7.org/fhir/tools/StructureDefinition/ig-parameter">
      <extension url="code">
        <valueString value="path-history"/>
      </extension>
      <extension url="value">
        <valueString value="http://example.org/history.html"/>
      </extension>
    </extension>
    <extension url="http://hl7.org/fhir/tools/StructureDefinition/ig-parameter">
      <extension url="code">
        <valueString value="template-html"/>
      </extension>
      <extension url="value">
        <valueString value="template-page.html"/>
      </extension>
    </extension>
    <extension url="http://hl7.org/fhir/tools/StructureDefinition/ig-parameter">
      <extension url="code">
        <valueString value="template-md"/>
      </extension>
      <extension url="value">
        <valueString value="template-page-md.html"/>
      </extension>
    </extension>
    <extension url="http://hl7.org/fhir/tools/StructureDefinition/ig-parameter">
      <extension url="code">
        <valueString value="apply-contact"/>
      </extension>
      <extension url="value">
        <valueString value="true"/>
      </extension>
    </extension>
    <extension url="http://hl7.org/fhir/tools/StructureDefinition/ig-parameter">
      <extension url="code">
        <valueString value="apply-context"/>
      </extension>
      <extension url="value">
        <valueString value="true"/>
      </extension>
    </extension>
    <extension url="http://hl7.org/fhir/tools/StructureDefinition/ig-parameter">
      <extension url="code">
        <valueString value="apply-copyright"/>
      </extension>
      <extension url="value">
        <valueString value="true"/>
      </extension>
    </extension>
    <extension url="http://hl7.org/fhir/tools/StructureDefinition/ig-parameter">
      <extension url="code">
        <valueString value="apply-jurisdiction"/>
      </extension>
      <extension url="value">
        <valueString value="true"/>
      </extension>
    </extension>
    <extension url="http://hl7.org/fhir/tools/StructureDefinition/ig-parameter">
      <extension url="code">
        <valueString value="apply-license"/>
      </extension>
      <extension url="value">
        <valueString value="true"/>
      </extension>
    </extension>
    <extension url="http://hl7.org/fhir/tools/StructureDefinition/ig-parameter">
      <extension url="code">
        <valueString value="apply-publisher"/>
      </extension>
      <extension url="value">
        <valueString value="true"/>
      </extension>
    </extension>
    <extension url="http://hl7.org/fhir/tools/StructureDefinition/ig-parameter">
      <extension url="code">
        <valueString value="apply-version"/>
      </extension>
      <extension url="value">
        <valueString value="true"/>
      </extension>
    </extension>
    <extension url="http://hl7.org/fhir/tools/StructureDefinition/ig-parameter">
      <extension url="code">
        <valueString value="apply-wg"/>
      </extension>
      <extension url="value">
        <valueString value="true"/>
      </extension>
    </extension>
    <extension url="http://hl7.org/fhir/tools/StructureDefinition/ig-parameter">
      <extension url="code">
        <valueString value="active-tables"/>
      </extension>
      <extension url="value">
        <valueString value="true"/>
      </extension>
    </extension>
    <extension url="http://hl7.org/fhir/tools/StructureDefinition/ig-parameter">
      <extension url="code">
        <valueString value="fmm-definition"/>
      </extension>
      <extension url="value">
        <valueString value="http://hl7.org/fhir/versions.html#maturity"/>
      </extension>
    </extension>
    <extension url="http://hl7.org/fhir/tools/StructureDefinition/ig-parameter">
      <extension url="code">
        <valueString value="propagate-status"/>
      </extension>
      <extension url="value">
        <valueString value="true"/>
      </extension>
    </extension>
    <extension url="http://hl7.org/fhir/tools/StructureDefinition/ig-parameter">
      <extension url="code">
        <valueString value="excludelogbinaryformat"/>
      </extension>
      <extension url="value">
        <valueString value="true"/>
      </extension>
    </extension>
    <extension url="http://hl7.org/fhir/tools/StructureDefinition/ig-parameter">
      <extension url="code">
        <valueString value="tabbed-snapshots"/>
      </extension>
      <extension url="value">
        <valueString value="true"/>
      </extension>
    </extension>
    <extension url="http://hl7.org/fhir/tools/StructureDefinition/ig-parameter">
      <extension url="code">
        <valueString value="wantGen-ttl"/>
      </extension>
      <extension url="value">
        <valueString value="false"/>
      </extension>
    </extension>
    <extension url="http://hl7.org/fhir/tools/StructureDefinition/ig-parameter">
      <extension url="code">
        <valueString value="wantGen-ttl-html"/>
      </extension>
      <extension url="value">
        <valueString value="false"/>
      </extension>
    </extension>
    <extension url="http://hl7.org/fhir/tools/StructureDefinition/ig-internal-dependency">
      <valueCode value="hl7.fhir.uv.tools.r4#0.8.0"/>
    </extension>
    <extension url="http://hl7.org/fhir/tools/StructureDefinition/ig-parameter">
      <extension url="code">
        <valueCode value="copyrightyear"/>
      </extension>
      <extension url="value">
        <valueString value="2025+"/>
      </extension>
    </extension>
    <extension url="http://hl7.org/fhir/tools/StructureDefinition/ig-parameter">
      <extension url="code">
        <valueCode value="releaselabel"/>
      </extension>
      <extension url="value">
        <valueString value="ci-build"/>
      </extension>
    </extension>
    <extension url="http://hl7.org/fhir/tools/StructureDefinition/ig-parameter">
      <extension url="code">
        <valueCode value="excludettl"/>
      </extension>
      <extension url="value">
        <valueString value="true"/>
      </extension>
    </extension>
    <extension url="http://hl7.org/fhir/tools/StructureDefinition/ig-parameter">
      <extension url="code">
        <valueCode value="translation-sources"/>
      </extension>
      <extension url="value">
        <valueString value="input/translations/fr"/>
      </extension>
    </extension>
    <extension url="http://hl7.org/fhir/tools/StructureDefinition/ig-parameter">
      <extension url="code">
        <valueCode value="translation-sources"/>
      </extension>
      <extension url="value">
        <valueString value="input/translations/nl"/>
      </extension>
    </extension>
    <extension url="http://hl7.org/fhir/tools/StructureDefinition/ig-parameter">
      <extension url="code">
        <valueCode value="i18n-default-lang"/>
      </extension>
      <extension url="value">
        <valueString value="en"/>
      </extension>
    </extension>
    <extension url="http://hl7.org/fhir/tools/StructureDefinition/ig-parameter">
      <extension url="code">
        <valueCode value="i18n-lang"/>
      </extension>
      <extension url="value">
        <valueString value="fr"/>
      </extension>
    </extension>
    <extension url="http://hl7.org/fhir/tools/StructureDefinition/ig-parameter">
      <extension url="code">
        <valueCode value="i18n-lang"/>
      </extension>
      <extension url="value">
        <valueString value="nl"/>
      </extension>
    </extension>
    <extension url="http://hl7.org/fhir/tools/StructureDefinition/ig-parameter">
      <extension url="code">
        <valueCode value="i18n-lang"/>
      </extension>
      <extension url="value">
        <valueString value="de"/>
      </extension>
    </extension>
    <extension url="http://hl7.org/fhir/tools/StructureDefinition/ig-parameter">
      <extension url="code">
        <valueCode value="autoload-resources"/>
      </extension>
      <extension url="value">
        <valueString value="true"/>
      </extension>
    </extension>
    <extension url="http://hl7.org/fhir/tools/StructureDefinition/ig-parameter">
      <extension url="code">
        <valueCode value="path-liquid"/>
      </extension>
      <extension url="value">
        <valueString value="template/liquid"/>
      </extension>
    </extension>
    <extension url="http://hl7.org/fhir/tools/StructureDefinition/ig-parameter">
      <extension url="code">
        <valueCode value="path-liquid"/>
      </extension>
      <extension url="value">
        <valueString value="input/liquid"/>
      </extension>
    </extension>
    <extension url="http://hl7.org/fhir/tools/StructureDefinition/ig-parameter">
      <extension url="code">
        <valueCode value="path-qa"/>
      </extension>
      <extension url="value">
        <valueString value="temp/qa"/>
      </extension>
    </extension>
    <extension url="http://hl7.org/fhir/tools/StructureDefinition/ig-parameter">
      <extension url="code">
        <valueCode value="path-temp"/>
      </extension>
      <extension url="value">
        <valueString value="temp/pages"/>
      </extension>
    </extension>
    <extension url="http://hl7.org/fhir/tools/StructureDefinition/ig-parameter">
      <extension url="code">
        <valueCode value="path-output"/>
      </extension>
      <extension url="value">
        <valueString value="output"/>
      </extension>
    </extension>
    <extension url="http://hl7.org/fhir/tools/StructureDefinition/ig-parameter">
      <extension url="code">
        <valueCode value="path-suppressed-warnings"/>
      </extension>
      <extension url="value">
        <valueString value="input/ignoreWarnings.txt"/>
      </extension>
    </extension>
    <extension url="http://hl7.org/fhir/tools/StructureDefinition/ig-parameter">
      <extension url="code">
        <valueCode value="path-history"/>
      </extension>
      <extension url="value">
        <valueString value="http://example.org/history.html"/>
      </extension>
    </extension>
    <extension url="http://hl7.org/fhir/tools/StructureDefinition/ig-parameter">
      <extension url="code">
        <valueCode value="template-html"/>
      </extension>
      <extension url="value">
        <valueString value="template-page.html"/>
      </extension>
    </extension>
    <extension url="http://hl7.org/fhir/tools/StructureDefinition/ig-parameter">
      <extension url="code">
        <valueCode value="template-md"/>
      </extension>
      <extension url="value">
        <valueString value="template-page-md.html"/>
      </extension>
    </extension>
    <extension url="http://hl7.org/fhir/tools/StructureDefinition/ig-parameter">
      <extension url="code">
        <valueCode value="apply-contact"/>
      </extension>
      <extension url="value">
        <valueString value="true"/>
      </extension>
    </extension>
    <extension url="http://hl7.org/fhir/tools/StructureDefinition/ig-parameter">
      <extension url="code">
        <valueCode value="apply-context"/>
      </extension>
      <extension url="value">
        <valueString value="true"/>
      </extension>
    </extension>
    <extension url="http://hl7.org/fhir/tools/StructureDefinition/ig-parameter">
      <extension url="code">
        <valueCode value="apply-copyright"/>
      </extension>
      <extension url="value">
        <valueString value="true"/>
      </extension>
    </extension>
    <extension url="http://hl7.org/fhir/tools/StructureDefinition/ig-parameter">
      <extension url="code">
        <valueCode value="apply-jurisdiction"/>
      </extension>
      <extension url="value">
        <valueString value="true"/>
      </extension>
    </extension>
    <extension url="http://hl7.org/fhir/tools/StructureDefinition/ig-parameter">
      <extension url="code">
        <valueCode value="apply-license"/>
      </extension>
      <extension url="value">
        <valueString value="true"/>
      </extension>
    </extension>
    <extension url="http://hl7.org/fhir/tools/StructureDefinition/ig-parameter">
      <extension url="code">
        <valueCode value="apply-publisher"/>
      </extension>
      <extension url="value">
        <valueString value="true"/>
      </extension>
    </extension>
    <extension url="http://hl7.org/fhir/tools/StructureDefinition/ig-parameter">
      <extension url="code">
        <valueCode value="apply-version"/>
      </extension>
      <extension url="value">
        <valueString value="true"/>
      </extension>
    </extension>
    <extension url="http://hl7.org/fhir/tools/StructureDefinition/ig-parameter">
      <extension url="code">
        <valueCode value="apply-wg"/>
      </extension>
      <extension url="value">
        <valueString value="true"/>
      </extension>
    </extension>
    <extension url="http://hl7.org/fhir/tools/StructureDefinition/ig-parameter">
      <extension url="code">
        <valueCode value="active-tables"/>
      </extension>
      <extension url="value">
        <valueString value="true"/>
      </extension>
    </extension>
    <extension url="http://hl7.org/fhir/tools/StructureDefinition/ig-parameter">
      <extension url="code">
        <valueCode value="fmm-definition"/>
      </extension>
      <extension url="value">
        <valueString value="http://hl7.org/fhir/versions.html#maturity"/>
      </extension>
    </extension>
    <extension url="http://hl7.org/fhir/tools/StructureDefinition/ig-parameter">
      <extension url="code">
        <valueCode value="propagate-status"/>
      </extension>
      <extension url="value">
        <valueString value="true"/>
      </extension>
    </extension>
    <extension url="http://hl7.org/fhir/tools/StructureDefinition/ig-parameter">
      <extension url="code">
        <valueCode value="excludelogbinaryformat"/>
      </extension>
      <extension url="value">
        <valueString value="true"/>
      </extension>
    </extension>
    <extension url="http://hl7.org/fhir/tools/StructureDefinition/ig-parameter">
      <extension url="code">
        <valueCode value="tabbed-snapshots"/>
      </extension>
      <extension url="value">
        <valueString value="true"/>
      </extension>
    </extension>
    <extension url="http://hl7.org/fhir/tools/StructureDefinition/ig-parameter">
      <extension url="code">
        <valueCode value="wantGen-ttl"/>
      </extension>
      <extension url="value">
        <valueString value="false"/>
      </extension>
    </extension>
    <extension url="http://hl7.org/fhir/tools/StructureDefinition/ig-parameter">
      <extension url="code">
        <valueCode value="wantGen-ttl-html"/>
      </extension>
      <extension url="value">
        <valueString value="false"/>
      </extension>
    </extension>
    <resource>
      <extension url="http://hl7.org/fhir/tools/StructureDefinition/resource-information">
        <valueString value="StructureDefinition:logical"/>
      </extension>
      <reference>
        <reference value="StructureDefinition/BeModelAnnex81"/>
      </reference>
      <name value="BeModelAnnex81">
        <extension url="http://hl7.org/fhir/StructureDefinition/translation">
          <extension url="lang">
            <valueCode value="fr"/>
          </extension>
          <extension url="content">
            <valueString value="BeModelAnnex81"/>
          </extension>
        </extension>
        <extension url="http://hl7.org/fhir/StructureDefinition/translation">
          <extension url="lang">
            <valueCode value="nl"/>
          </extension>
          <extension url="content">
            <valueString value="ModelAnnex81"/>
          </extension>
        </extension>
      </name>
      <description value="Logical model describing the model for the Annex81 proposal and approval">
        <extension url="http://hl7.org/fhir/StructureDefinition/translation">
          <extension url="lang">
            <valueCode value="nl"/>
          </extension>
          <extension url="content">
            <valueString value="Logisch model dat het model voor het voorstel en de goedkeuring van bijlage81 beschrijft"/>
          </extension>
        </extension>
        <extension url="http://hl7.org/fhir/StructureDefinition/translation">
          <extension url="lang">
            <valueCode value="fr"/>
          </extension>
          <extension url="content">
            <valueString value="Modèle logique décrivant le modèle de proposition et d'approbation de l'annexe 81"/>
          </extension>
        </extension>
      </description>
      <exampleBoolean value="false"/>
    </resource>
    <resource>
      <extension url="http://hl7.org/fhir/tools/StructureDefinition/resource-information">
        <valueString value="StructureDefinition:logical"/>
      </extension>
      <reference>
        <reference value="StructureDefinition/BeModelAssignment"/>
      </reference>
      <name value="BeModelAssignment">
        <extension url="http://hl7.org/fhir/StructureDefinition/translation">
          <extension url="lang">
            <valueCode value="fr"/>
          </extension>
          <extension url="content">
            <valueString value="Affectation d'un modèle"/>
          </extension>
        </extension>
        <extension url="http://hl7.org/fhir/StructureDefinition/translation">
          <extension url="lang">
            <valueCode value="nl"/>
          </extension>
          <extension url="content">
            <valueString value="BeModelAssignment"/>
          </extension>
        </extension>
      </name>
      <description value="Logical model with the information for the assignment to a referral prescription of a care provider.">
        <extension url="http://hl7.org/fhir/StructureDefinition/translation">
          <extension url="lang">
            <valueCode value="fr"/>
          </extension>
          <extension url="content">
            <valueString value="Modèle logique contenant les informations relatives à l'affectation à une prescription de référence d'un prestataire de soins."/>
          </extension>
        </extension>
        <extension url="http://hl7.org/fhir/StructureDefinition/translation">
          <extension url="lang">
            <valueCode value="nl"/>
          </extension>
          <extension url="content">
            <valueString value="Logisch model met de informatie voor de toewijzing aan een verwijzingsrecept van een zorgverlener."/>
          </extension>
        </extension>
      </description>
      <exampleBoolean value="false"/>
    </resource>
    <resource>
      <extension url="http://hl7.org/fhir/tools/StructureDefinition/resource-information">
        <valueString value="StructureDefinition:logical"/>
      </extension>
      <reference>
        <reference value="StructureDefinition/BeModelNursingPrescription"/>
      </reference>
      <name value="BeModelNursingPrescription">
        <extension url="http://hl7.org/fhir/StructureDefinition/translation">
          <extension url="lang">
            <valueCode value="nl"/>
          </extension>
          <extension url="content">
            <valueString value="BeModelNursingPrescription"/>
          </extension>
        </extension>
        <extension url="http://hl7.org/fhir/StructureDefinition/translation">
          <extension url="lang">
            <valueCode value="fr"/>
          </extension>
          <extension url="content">
            <valueString value="Ordonnance infirmière modèle"/>
          </extension>
        </extension>
      </name>
      <description value="Data model for the nursing prescription referral.">
        <extension url="http://hl7.org/fhir/StructureDefinition/translation">
          <extension url="lang">
            <valueCode value="nl"/>
          </extension>
          <extension url="content">
            <valueString value="Gegevensmodel voor de verpleegkundige voorschriftverwijzing."/>
          </extension>
        </extension>
        <extension url="http://hl7.org/fhir/StructureDefinition/translation">
          <extension url="lang">
            <valueCode value="fr"/>
          </extension>
          <extension url="content">
            <valueString value="Modèle de données pour l'orientation des prescriptions infirmières."/>
          </extension>
        </extension>
      </description>
      <exampleBoolean value="false"/>
    </resource>
    <resource>
      <extension url="http://hl7.org/fhir/tools/StructureDefinition/resource-information">
        <valueString value="StructureDefinition:logical"/>
      </extension>
      <reference>
        <reference value="StructureDefinition/BeModelOrganisationClaim"/>
      </reference>
      <name value="BeModelOrganisationClaim">
        <extension url="http://hl7.org/fhir/StructureDefinition/translation">
          <extension url="lang">
            <valueCode value="fr"/>
          </extension>
          <extension url="content">
            <valueString value="BeModelOrganisationClaim (revendication de modèle d'organisation)"/>
          </extension>
        </extension>
        <extension url="http://hl7.org/fhir/StructureDefinition/translation">
          <extension url="lang">
            <valueCode value="nl"/>
          </extension>
          <extension url="content">
            <valueString value="BeModelOrganisationClaim"/>
          </extension>
        </extension>
      </name>
      <description value="Information of a claim of an organisation to have the prescription fulfilled.">
        <extension url="http://hl7.org/fhir/StructureDefinition/translation">
          <extension url="lang">
            <valueCode value="nl"/>
          </extension>
          <extension url="content">
            <valueString value="Informatie over een claim van een organisatie om aan het recept te voldoen."/>
          </extension>
        </extension>
        <extension url="http://hl7.org/fhir/StructureDefinition/translation">
          <extension url="lang">
            <valueCode value="fr"/>
          </extension>
          <extension url="content">
            <valueString value="Information sur la demande d'une organisation pour que la prescription soit exécutée."/>
          </extension>
        </extension>
      </description>
      <exampleBoolean value="false"/>
    </resource>
    <resource>
      <extension url="http://hl7.org/fhir/tools/StructureDefinition/resource-information">
        <valueString value="StructureDefinition:logical"/>
      </extension>
      <reference>
        <reference value="StructureDefinition/BeModelRadiologyPrescription"/>
      </reference>
      <name value="BeModelRadiologyPrescription">
        <extension url="http://hl7.org/fhir/StructureDefinition/translation">
          <extension url="lang">
            <valueCode value="fr"/>
          </extension>
          <extension url="content">
            <valueString value="Modèle de prescription pour la radiologie"/>
          </extension>
        </extension>
        <extension url="http://hl7.org/fhir/StructureDefinition/translation">
          <extension url="lang">
            <valueCode value="nl"/>
          </extension>
          <extension url="content">
            <valueString value="BeModelRadiologieVoorschrift"/>
          </extension>
        </extension>
      </name>
      <description value="Data model for the nursing prescription referral.">
        <extension url="http://hl7.org/fhir/StructureDefinition/translation">
          <extension url="lang">
            <valueCode value="nl"/>
          </extension>
          <extension url="content">
            <valueString value="Gegevensmodel voor de verpleegkundige voorschriftverwijzing."/>
          </extension>
        </extension>
        <extension url="http://hl7.org/fhir/StructureDefinition/translation">
          <extension url="lang">
            <valueCode value="fr"/>
          </extension>
          <extension url="content">
            <valueString value="Modèle de données pour l'orientation des prescriptions infirmières."/>
          </extension>
        </extension>
      </description>
      <exampleBoolean value="false"/>
    </resource>
    <resource>
      <extension url="http://hl7.org/fhir/tools/StructureDefinition/resource-information">
        <valueString value="StructureDefinition:logical"/>
      </extension>
      <reference>
        <reference value="StructureDefinition/BeModelReferralPrescription"/>
      </reference>
      <name value="BeModelReferralPrescription">
        <extension url="http://hl7.org/fhir/StructureDefinition/translation">
          <extension url="lang">
            <valueCode value="fr"/>
          </extension>
          <extension url="content">
            <valueString value="BeModelReferralPrescription"/>
          </extension>
        </extension>
        <extension url="http://hl7.org/fhir/StructureDefinition/translation">
          <extension url="lang">
            <valueCode value="nl"/>
          </extension>
          <extension url="content">
            <valueString value="BeModelReferralPrescription"/>
          </extension>
        </extension>
      </name>
      <description value="Data model for the prescription referral.">
        <extension url="http://hl7.org/fhir/StructureDefinition/translation">
          <extension url="lang">
            <valueCode value="nl"/>
          </extension>
          <extension url="content">
            <valueString value="Gegevensmodel voor verwijzingen naar recepten."/>
          </extension>
        </extension>
        <extension url="http://hl7.org/fhir/StructureDefinition/translation">
          <extension url="lang">
            <valueCode value="fr"/>
          </extension>
          <extension url="content">
            <valueString value="Modèle de données pour l'orientation des prescriptions."/>
          </extension>
        </extension>
      </description>
      <exampleBoolean value="false"/>
    </resource>
    <resource>
      <extension url="http://hl7.org/fhir/tools/StructureDefinition/resource-information">
        <valueString value="StructureDefinition:logical"/>
      </extension>
      <reference>
        <reference value="StructureDefinition/BeModelTreatmentStatus"/>
      </reference>
      <name value="BeModelTreatmentStatus">
        <extension url="http://hl7.org/fhir/StructureDefinition/translation">
          <extension url="lang">
            <valueCode value="nl"/>
          </extension>
          <extension url="content">
            <valueString value="BeModelTreatmentStatus"/>
          </extension>
        </extension>
        <extension url="http://hl7.org/fhir/StructureDefinition/translation">
          <extension url="lang">
            <valueCode value="fr"/>
          </extension>
          <extension url="content">
            <valueString value="État du traitement du modèle BeModel"/>
          </extension>
        </extension>
      </name>
      <description value="Logical model with the information for the status of the treatment.">
        <extension url="http://hl7.org/fhir/StructureDefinition/translation">
          <extension url="lang">
            <valueCode value="fr"/>
          </extension>
          <extension url="content">
            <valueString value="Modèle logique contenant des informations sur l'état du traitement."/>
          </extension>
        </extension>
        <extension url="http://hl7.org/fhir/StructureDefinition/translation">
          <extension url="lang">
            <valueCode value="nl"/>
          </extension>
          <extension url="content">
            <valueString value="Logisch model met informatie over de status van de behandeling."/>
          </extension>
        </extension>
      </description>
      <exampleBoolean value="false"/>
    </resource>
    <resource>
      <extension url="http://hl7.org/fhir/tools/StructureDefinition/resource-information">
        <valueString value="StructureDefinition:logical"/>
      </extension>
      <reference>
        <reference value="StructureDefinition/be-model-observation"/>
      </reference>
      <name value="BeObservation Model">
        <extension url="http://hl7.org/fhir/StructureDefinition/translation">
          <extension url="lang">
            <valueCode value="nl"/>
          </extension>
          <extension url="content">
            <valueString value="Model BeObservation"/>
          </extension>
        </extension>
        <extension url="http://hl7.org/fhir/StructureDefinition/translation">
          <extension url="lang">
            <valueCode value="fr"/>
          </extension>
          <extension url="content">
            <valueString value="Modèle BeObservation"/>
          </extension>
        </extension>
      </name>
      <description value="Observation logical model">
        <extension url="http://hl7.org/fhir/StructureDefinition/translation">
          <extension url="lang">
            <valueCode value="nl"/>
          </extension>
          <extension url="content">
            <valueString value="Waarneming logisch model"/>
          </extension>
        </extension>
        <extension url="http://hl7.org/fhir/StructureDefinition/translation">
          <extension url="lang">
            <valueCode value="fr"/>
          </extension>
          <extension url="content">
            <valueString value="Modèle logique d'observation"/>
          </extension>
        </extension>
      </description>
      <exampleBoolean value="false"/>
    </resource>
    <resource>
      <extension url="http://hl7.org/fhir/tools/StructureDefinition/resource-information">
        <valueString value="StructureDefinition:logical"/>
      </extension>
      <reference>
        <reference value="StructureDefinition/be-model-bodysite"/>
      </reference>
      <name value="BodySite Model">
        <extension url="http://hl7.org/fhir/StructureDefinition/translation">
          <extension url="lang">
            <valueCode value="fr"/>
          </extension>
          <extension url="content">
            <valueString value="Modèle BodySite"/>
          </extension>
        </extension>
        <extension url="http://hl7.org/fhir/StructureDefinition/translation">
          <extension url="lang">
            <valueCode value="nl"/>
          </extension>
          <extension url="content">
            <valueString value="BodySite Model"/>
          </extension>
        </extension>
      </name>
      <description value="Body site model">
        <extension url="http://hl7.org/fhir/StructureDefinition/translation">
          <extension url="lang">
            <valueCode value="fr"/>
          </extension>
          <extension url="content">
            <valueString value="Modèle de site corporel"/>
          </extension>
        </extension>
        <extension url="http://hl7.org/fhir/StructureDefinition/translation">
          <extension url="lang">
            <valueCode value="nl"/>
          </extension>
          <extension url="content">
            <valueString value="Model lichaamslocatie"/>
          </extension>
        </extension>
      </description>
      <exampleBoolean value="false"/>
    </resource>
    <resource>
      <extension url="http://hl7.org/fhir/tools/StructureDefinition/resource-information">
        <valueString value="CodeSystem"/>
      </extension>
      <reference>
        <reference value="CodeSystem/BeSafeShareGlossary"/>
      </reference>
      <name value="CodeSystem for common CareSets glossary">
        <extension url="http://hl7.org/fhir/StructureDefinition/translation">
          <extension url="lang">
            <valueCode value="nl"/>
          </extension>
          <extension url="content">
            <valueString value="CodeSysteem voor gemeenschappelijke CareSets woordenlijst"/>
          </extension>
        </extension>
        <extension url="http://hl7.org/fhir/StructureDefinition/translation">
          <extension url="lang">
            <valueCode value="fr"/>
          </extension>
          <extension url="content">
            <valueString value="CodeSystem pour le glossaire des ensembles de soins communs"/>
          </extension>
        </extension>
      </name>
      <description value="This code system defines concepts used in the BeSafe CareSets for common glossary terms.">
        <extension url="http://hl7.org/fhir/StructureDefinition/translation">
          <extension url="lang">
            <valueCode value="fr"/>
          </extension>
          <extension url="content">
            <valueString value="Ce système de codes définit les concepts utilisés dans les ensembles de soins BeSafe pour les termes du glossaire commun."/>
          </extension>
        </extension>
        <extension url="http://hl7.org/fhir/StructureDefinition/translation">
          <extension url="lang">
            <valueCode value="nl"/>
          </extension>
          <extension url="content">
            <valueString value="Dit codesysteem definieert concepten die worden gebruikt in de BeSafe CareSets voor algemene termen."/>
          </extension>
        </extension>
      </description>
      <exampleBoolean value="false"/>
    </resource>
    <resource>
      <extension url="http://hl7.org/fhir/tools/StructureDefinition/resource-information">
        <valueString value="ValueSet"/>
      </extension>
      <reference>
        <reference value="ValueSet/ProblemDiseaseCourseVS"/>
      </reference>
      <name value="Condition Disease Course Value Set">
        <extension url="http://hl7.org/fhir/StructureDefinition/translation">
          <extension url="lang">
            <valueCode value="fr"/>
          </extension>
          <extension url="content">
            <valueString value="Condition Maladie Cours Ensemble de valeurs"/>
          </extension>
        </extension>
        <extension url="http://hl7.org/fhir/StructureDefinition/translation">
          <extension url="lang">
            <valueCode value="nl"/>
          </extension>
          <extension url="content">
            <valueString value="Conditie Ziekte Cursus Waardeset"/>
          </extension>
        </extension>
      </name>
      <description value="Condition Disease Course">
        <extension url="http://hl7.org/fhir/StructureDefinition/translation">
          <extension url="lang">
            <valueCode value="nl"/>
          </extension>
          <extension url="content">
            <valueString value="Conditie Ziekte Cursus"/>
          </extension>
        </extension>
        <extension url="http://hl7.org/fhir/StructureDefinition/translation">
          <extension url="lang">
            <valueCode value="fr"/>
          </extension>
          <extension url="content">
            <valueString value="Cours sur l'état de santé et les maladies"/>
          </extension>
        </extension>
      </description>
      <exampleBoolean value="false"/>
    </resource>
    <resource>
      <extension url="http://hl7.org/fhir/tools/StructureDefinition/resource-information">
        <valueString value="ValueSet"/>
      </extension>
      <reference>
        <reference value="ValueSet/ProblemCategoryVS"/>
      </reference>
      <name value="Problem Category Value Set">
        <extension url="http://hl7.org/fhir/StructureDefinition/translation">
          <extension url="lang">
            <valueCode value="fr"/>
          </extension>
          <extension url="content">
            <valueString value="Catégorie de problème Ensemble de valeurs"/>
          </extension>
        </extension>
        <extension url="http://hl7.org/fhir/StructureDefinition/translation">
          <extension url="lang">
            <valueCode value="nl"/>
          </extension>
          <extension url="content">
            <valueString value="Probleemcategorie Waardeset"/>
          </extension>
        </extension>
      </name>
      <description value="Category of the problem">
        <extension url="http://hl7.org/fhir/StructureDefinition/translation">
          <extension url="lang">
            <valueCode value="nl"/>
          </extension>
          <extension url="content">
            <valueString value="Categorie van het probleem"/>
          </extension>
        </extension>
        <extension url="http://hl7.org/fhir/StructureDefinition/translation">
          <extension url="lang">
            <valueCode value="fr"/>
          </extension>
          <extension url="content">
            <valueString value="Catégorie du problème"/>
          </extension>
        </extension>
      </description>
      <exampleBoolean value="false"/>
    </resource>
    <resource>
      <extension url="http://hl7.org/fhir/tools/StructureDefinition/resource-information">
        <valueString value="ValueSet"/>
      </extension>
      <reference>
        <reference value="ValueSet/ProblemCodeVS"/>
      </reference>
      <name value="Problem Code Value Set">
        <extension url="http://hl7.org/fhir/StructureDefinition/translation">
          <extension url="lang">
            <valueCode value="nl"/>
          </extension>
          <extension url="content">
            <valueString value="Probleemcode Waardeset"/>
          </extension>
        </extension>
        <extension url="http://hl7.org/fhir/StructureDefinition/translation">
          <extension url="lang">
            <valueCode value="fr"/>
          </extension>
          <extension url="content">
            <valueString value="Code de problème Ensemble de valeurs"/>
          </extension>
        </extension>
      </name>
      <description value="Code of the problem">
        <extension url="http://hl7.org/fhir/StructureDefinition/translation">
          <extension url="lang">
            <valueCode value="fr"/>
          </extension>
          <extension url="content">
            <valueString value="Code du problème"/>
          </extension>
        </extension>
        <extension url="http://hl7.org/fhir/StructureDefinition/translation">
          <extension url="lang">
            <valueCode value="nl"/>
          </extension>
          <extension url="content">
            <valueString value="Code van het probleem"/>
          </extension>
        </extension>
      </description>
      <exampleBoolean value="false"/>
    </resource>
    <resource>
      <extension url="http://hl7.org/fhir/tools/StructureDefinition/resource-information">
        <valueString value="StructureDefinition:logical"/>
      </extension>
      <reference>
        <reference value="StructureDefinition/BeModelProblem"/>
      </reference>
      <name value="Problem Logical Model">
        <extension url="http://hl7.org/fhir/StructureDefinition/translation">
          <extension url="lang">
            <valueCode value="fr"/>
          </extension>
          <extension url="content">
            <valueString value="Problème Modèle logique"/>
          </extension>
        </extension>
        <extension url="http://hl7.org/fhir/StructureDefinition/translation">
          <extension url="lang">
            <valueCode value="nl"/>
          </extension>
          <extension url="content">
            <valueString value="Probleem Logisch Model"/>
          </extension>
        </extension>
      </name>
      <description value="Logical model for Problem">
        <extension url="http://hl7.org/fhir/StructureDefinition/translation">
          <extension url="lang">
            <valueCode value="fr"/>
          </extension>
          <extension url="content">
            <valueString value="Modèle logique du problème"/>
          </extension>
        </extension>
        <extension url="http://hl7.org/fhir/StructureDefinition/translation">
          <extension url="lang">
            <valueCode value="nl"/>
          </extension>
          <extension url="content">
            <valueString value="Logisch model voor probleem"/>
          </extension>
        </extension>
      </description>
      <exampleBoolean value="false"/>
    </resource>
    <page>
      <extension url="http://hl7.org/fhir/tools/StructureDefinition/ig-page-name">
        <valueUrl value="toc.html"/>
      </extension>
      <nameUrl value="toc.html"/>
      <title value="Table of Contents">
        <extension url="http://hl7.org/fhir/StructureDefinition/translation">
          <extension url="lang">
            <valueCode value="fr"/>
          </extension>
          <extension url="content">
            <valueString value="Table des matières"/>
          </extension>
        </extension>
        <extension url="http://hl7.org/fhir/StructureDefinition/translation">
          <extension url="lang">
            <valueCode value="nl"/>
          </extension>
          <extension url="content">
            <valueString value="Inhoudsopgave"/>
          </extension>
        </extension>
      </title>
      <generation value="html"/>
      <page>
        <extension url="http://hl7.org/fhir/tools/StructureDefinition/ig-page-name">
          <valueUrl value="index.html"/>
        </extension>
        <nameUrl value="index.html"/>
        <title value="Home">
          <extension url="http://hl7.org/fhir/StructureDefinition/translation">
            <extension url="lang">
              <valueCode value="fr"/>
            </extension>
            <extension url="content">
              <valueString value="Accueil"/>
            </extension>
          </extension>
          <extension url="http://hl7.org/fhir/StructureDefinition/translation">
            <extension url="lang">
              <valueCode value="nl"/>
            </extension>
            <extension url="content">
              <valueString value="Home"/>
            </extension>
          </extension>
        </title>
        <generation value="markdown"/>
      </page>
    </page>
    <parameter>
      <code value="path-resource"/>
      <value value="input/capabilities"/>
    </parameter>
    <parameter>
      <code value="path-resource"/>
      <value value="input/examples"/>
    </parameter>
    <parameter>
      <code value="path-resource"/>
      <value value="input/extensions"/>
    </parameter>
    <parameter>
      <code value="path-resource"/>
      <value value="input/models"/>
    </parameter>
    <parameter>
      <code value="path-resource"/>
      <value value="input/operations"/>
    </parameter>
    <parameter>
      <code value="path-resource"/>
      <value value="input/profiles"/>
    </parameter>
    <parameter>
      <code value="path-resource"/>
      <value value="input/resources"/>
    </parameter>
    <parameter>
      <code value="path-resource"/>
      <value value="input/vocabulary"/>
    </parameter>
    <parameter>
      <code value="path-resource"/>
      <value value="input/maps"/>
    </parameter>
    <parameter>
      <code value="path-resource"/>
      <value value="input/testing"/>
    </parameter>
    <parameter>
      <code value="path-resource"/>
      <value value="input/history"/>
    </parameter>
    <parameter>
      <code value="path-resource"/>
      <value value="fsh-generated/resources"/>
    </parameter>
    <parameter>
      <code value="path-pages"/>
      <value value="template/config"/>
    </parameter>
    <parameter>
      <code value="path-pages"/>
      <value value="input/assets"/>
    </parameter>
    <parameter>
      <code value="path-pages"/>
      <value value="input/images"/>
    </parameter>
    <parameter>
      <code value="path-tx-cache"/>
      <value value="input-cache/txcache"/>
    </parameter>
  </definition>
</ImplementationGuide>