<?xml version="1.0" encoding="UTF-8"?>

<ValueSet xmlns="http://hl7.org/fhir">
  <id value="ProblemCodeVS"/>
  <language value="en"/>
  <text>
    <status value="generated"/><div xmlns="http://www.w3.org/1999/xhtml"><div xml:lang="en" lang="en"><hr/><p><b>English</b></p><hr/><p class="res-header-id"><b>Generated Narrative: ValueSet ProblemCodeVS</b></p><a name="ProblemCodeVS"> </a><a name="hcProblemCodeVS"> </a><div style="display: inline-block; background-color: #d9e0e7; padding: 6px; margin: 4px; border: 1px solid #8da1b4; border-radius: 5px; line-height: 60%"><p style="margin-bottom: 0px">Language: en</p></div><p>This value set includes codes based on the following rules:</p><ul/></div><div xml:lang="fr" lang="fr"><hr/><p><b>French</b></p><hr/><p class="res-header-id"><b>Narratif généré : EnsembleValeurs ProblemCodeVS</b></p><a name="fr-ProblemCodeVS"> </a><a name="fr-hcProblemCodeVS"> </a><div style="display: inline-block; background-color: #d9e0e7; padding: 6px; margin: 4px; border: 1px solid #8da1b4; border-radius: 5px; line-height: 60%"><p style="margin-bottom: 0px">Langue : en</p></div><p>Ce jeu de valeur (ValueSet) inclut les codes selon les règles suivantes :</p><ul/></div><div xml:lang="nl" lang="nl"><hr/><p><b>Dutch</b></p><hr/><p class="res-header-id"><b>Gegenereerde narrative: ValueSet ProblemCodeVS</b></p><a name="nl-ProblemCodeVS"> </a><a name="nl-hcProblemCodeVS"> </a><div style="display: inline-block; background-color: #d9e0e7; padding: 6px; margin: 4px; border: 1px solid #8da1b4; border-radius: 5px; line-height: 60%"><p style="margin-bottom: 0px">Taal: en</p></div><p>Deze waardelijst includeert codes gebaseerd op de volgende regels:</p><ul/></div><div xml:lang="de" lang="de"><hr/><p><b>German</b></p><hr/><p class="res-header-id"><b>Generated Narrative: ValueSet ProblemCodeVS</b></p><a name="de-ProblemCodeVS"> </a><a name="de-hcProblemCodeVS"> </a><div style="display: inline-block; background-color: #d9e0e7; padding: 6px; margin: 4px; border: 1px solid #8da1b4; border-radius: 5px; line-height: 60%"><p style="margin-bottom: 0px">Language: en</p></div><p>This value set includes codes based on the following rules:</p><ul/></div></div>
  </text>
  <url value="http://example.org/ValueSet/ProblemCodeVS"/>
  <version value="0.1.0"/>
  <name value="ProblemCodeVS">
    <extension url="http://hl7.org/fhir/StructureDefinition/translation">
      <extension url="lang">
        <valueCode value="fr"/>
      </extension>
      <extension url="content">
        <valueString value="Project-Id-Version: FHIR\nReport-Msgid-Bugs-To: you@example.com\nPOT-Creation-Date: 2025-10-21 10:43+0000\nPO-Revision-Date: 2025-10-21 10:43+0000\nLanguage: FR\nMIME-Version: 1.0\nContent-Type: text/plain; charset=UTF-8\nContent-Transfer-Encoding: 8bit\n"/>
      </extension>
    </extension>
    <extension url="http://hl7.org/fhir/StructureDefinition/translation">
      <extension url="lang">
        <valueCode value="nl"/>
      </extension>
      <extension url="content">
        <valueString value="Project-Id-Version: FHIR\nReport-Msgid-Bugs-To: you@example.com\nPOT-Creation-Date: 2025-10-21 10:50+0000\nPO-Revision-Date: 2025-10-21 10:50+0000\nLanguage: NL\nMIME-Version: 1.0\nContent-Type: text/plain; charset=UTF-8\nContent-Transfer-Encoding: 8bit\n"/>
      </extension>
    </extension>
  </name>
  <title value="Problem Code Value Set">
    <extension url="http://hl7.org/fhir/StructureDefinition/translation">
      <extension url="lang">
        <valueCode value="fr"/>
      </extension>
      <extension url="content">
        <valueString value="Code de problème Ensemble de valeurs"/>
      </extension>
    </extension>
    <extension url="http://hl7.org/fhir/StructureDefinition/translation">
      <extension url="lang">
        <valueCode value="nl"/>
      </extension>
      <extension url="content">
        <valueString value="Probleemcode Waardeset"/>
      </extension>
    </extension>
  </title>
  <status value="draft"/>
  <date value="2025-10-29T07:49:40+00:00"/>
  <publisher value="RIZIV/INAMI">
    <extension url="http://hl7.org/fhir/StructureDefinition/translation">
      <extension url="lang">
        <valueCode value="fr"/>
      </extension>
      <extension url="content">
        <valueString value="RISQUE/INAMI"/>
      </extension>
    </extension>
    <extension url="http://hl7.org/fhir/StructureDefinition/translation">
      <extension url="lang">
        <valueCode value="nl"/>
      </extension>
      <extension url="content">
        <valueString value="RISICO/INAMI"/>
      </extension>
    </extension>
  </publisher>
  <contact>
    <name value="RIZIV/INAMI"/>
    <telecom>
      <system value="url"/>
      <value value="http://example.org/example-publisher"/>
    </telecom>
  </contact>
  <description value="Code of the problem">
    <extension url="http://hl7.org/fhir/StructureDefinition/translation">
      <extension url="lang">
        <valueCode value="fr"/>
      </extension>
      <extension url="content">
        <valueString value="Code du problème"/>
      </extension>
    </extension>
    <extension url="http://hl7.org/fhir/StructureDefinition/translation">
      <extension url="lang">
        <valueCode value="nl"/>
      </extension>
      <extension url="content">
        <valueString value="Code van het probleem"/>
      </extension>
    </extension>
  </description>
</ValueSet>