{
  "resourceType" : "ValueSet",
  "id" : "ProblemCategoryVS",
  "language" : "en",
  "text" : {
    "status" : "generated",
    "div" : "<div xmlns=\"http://www.w3.org/1999/xhtml\"><div xml:lang=\"en\" lang=\"en\"><hr/><p><b>English</b></p><hr/><p class=\"res-header-id\"><b>Generated Narrative: ValueSet ProblemCategoryVS</b></p><a name=\"ProblemCategoryVS\"> </a><a name=\"hcProblemCategoryVS\"> </a><div style=\"display: inline-block; background-color: #d9e0e7; padding: 6px; margin: 4px; border: 1px solid #8da1b4; border-radius: 5px; line-height: 60%\"><p style=\"margin-bottom: 0px\">Language: en</p></div><p>This value set includes codes based on the following rules:</p><ul/></div><div xml:lang=\"fr\" lang=\"fr\"><hr/><p><b>French</b></p><hr/><p class=\"res-header-id\"><b>Narratif généré : EnsembleValeurs ProblemCategoryVS</b></p><a name=\"fr-ProblemCategoryVS\"> </a><a name=\"fr-hcProblemCategoryVS\"> </a><div style=\"display: inline-block; background-color: #d9e0e7; padding: 6px; margin: 4px; border: 1px solid #8da1b4; border-radius: 5px; line-height: 60%\"><p style=\"margin-bottom: 0px\">Langue : en</p></div><p>Ce jeu de valeur (ValueSet) inclut les codes selon les règles suivantes :</p><ul/></div><div xml:lang=\"nl\" lang=\"nl\"><hr/><p><b>Dutch</b></p><hr/><p class=\"res-header-id\"><b>Gegenereerde narrative: ValueSet ProblemCategoryVS</b></p><a name=\"nl-ProblemCategoryVS\"> </a><a name=\"nl-hcProblemCategoryVS\"> </a><div style=\"display: inline-block; background-color: #d9e0e7; padding: 6px; margin: 4px; border: 1px solid #8da1b4; border-radius: 5px; line-height: 60%\"><p style=\"margin-bottom: 0px\">Taal: en</p></div><p>Deze waardelijst includeert codes gebaseerd op de volgende regels:</p><ul/></div><div xml:lang=\"de\" lang=\"de\"><hr/><p><b>German</b></p><hr/><p class=\"res-header-id\"><b>Generated Narrative: ValueSet ProblemCategoryVS</b></p><a name=\"de-ProblemCategoryVS\"> </a><a name=\"de-hcProblemCategoryVS\"> </a><div style=\"display: inline-block; background-color: #d9e0e7; padding: 6px; margin: 4px; border: 1px solid #8da1b4; border-radius: 5px; line-height: 60%\"><p style=\"margin-bottom: 0px\">Language: en</p></div><p>This value set includes codes based on the following rules:</p><ul/></div></div>"
  },
  "url" : "http://example.org/ValueSet/ProblemCategoryVS",
  "version" : "0.1.0",
  "name" : "ProblemCategoryVS",
  "_name" : {
    "extension" : [{
      "extension" : [{
        "url" : "lang",
        "valueCode" : "nl"
      },
      {
        "url" : "content",
        "valueString" : "Project-Id-Version: FHIR\\nReport-Msgid-Bugs-To: you@example.com\\nPOT-Creation-Date: 2025-10-21 10:50+0000\\nPO-Revision-Date: 2025-10-21 10:50+0000\\nLanguage: NL\\nMIME-Version: 1.0\\nContent-Type: text/plain; charset=UTF-8\\nContent-Transfer-Encoding: 8bit\\n"
      }],
      "url" : "http://hl7.org/fhir/StructureDefinition/translation"
    },
    {
      "extension" : [{
        "url" : "lang",
        "valueCode" : "fr"
      },
      {
        "url" : "content",
        "valueString" : "Project-Id-Version: FHIR\\nReport-Msgid-Bugs-To: you@example.com\\nPOT-Creation-Date: 2025-10-21 10:43+0000\\nPO-Revision-Date: 2025-10-21 10:43+0000\\nLanguage: FR\\nMIME-Version: 1.0\\nContent-Type: text/plain; charset=UTF-8\\nContent-Transfer-Encoding: 8bit\\n"
      }],
      "url" : "http://hl7.org/fhir/StructureDefinition/translation"
    }]
  },
  "title" : "Problem Category Value Set",
  "_title" : {
    "extension" : [{
      "extension" : [{
        "url" : "lang",
        "valueCode" : "nl"
      },
      {
        "url" : "content",
        "valueString" : "Probleemcategorie Waardeset"
      }],
      "url" : "http://hl7.org/fhir/StructureDefinition/translation"
    },
    {
      "extension" : [{
        "url" : "lang",
        "valueCode" : "fr"
      },
      {
        "url" : "content",
        "valueString" : "Catégorie de problème Ensemble de valeurs"
      }],
      "url" : "http://hl7.org/fhir/StructureDefinition/translation"
    }]
  },
  "status" : "draft",
  "date" : "2025-10-29T07:49:40+00:00",
  "publisher" : "RIZIV/INAMI",
  "_publisher" : {
    "extension" : [{
      "extension" : [{
        "url" : "lang",
        "valueCode" : "fr"
      },
      {
        "url" : "content",
        "valueString" : "RISQUE/INAMI"
      }],
      "url" : "http://hl7.org/fhir/StructureDefinition/translation"
    },
    {
      "extension" : [{
        "url" : "lang",
        "valueCode" : "nl"
      },
      {
        "url" : "content",
        "valueString" : "RISICO/INAMI"
      }],
      "url" : "http://hl7.org/fhir/StructureDefinition/translation"
    }]
  },
  "contact" : [{
    "name" : "RIZIV/INAMI",
    "telecom" : [{
      "system" : "url",
      "value" : "http://example.org/example-publisher"
    }]
  }],
  "description" : "Category of the problem",
  "_description" : {
    "extension" : [{
      "extension" : [{
        "url" : "lang",
        "valueCode" : "fr"
      },
      {
        "url" : "content",
        "valueString" : "Catégorie du problème"
      }],
      "url" : "http://hl7.org/fhir/StructureDefinition/translation"
    },
    {
      "extension" : [{
        "url" : "lang",
        "valueCode" : "nl"
      },
      {
        "url" : "content",
        "valueString" : "Categorie van het probleem"
      }],
      "url" : "http://hl7.org/fhir/StructureDefinition/translation"
    }]
  }
}